Date,Se-Jong,Cheon-An,Gong-Ju
2020-11-25,350000,660000,110000
2020-11-25,349533.0,660817,110050
2020-12-25,349071.0,661631,110099
2021-1-25,348613.0,662441,110147
2021-2-25,348159.0,663248,110194
2021-3-25,347709.0,664052,110240
2021-4-25,347263.0,664853,110285
2021-5-25,346821.0,665651,110329
2021-6-25,346383.0,666446,110372
2021-7-25,345949.0,667238,110414
2021-8-25,345519.0,668027,110455
2021-9-25,345093.0,668814,110495
2021-10-25,344671.0,669598,110534
2021-11-25,344252.0,670379,110572
2021-12-25,343837.0,671157,110609
2022-1-25,343426.0,671932,110645
2022-2-25,343018.0,672704,110680
2022-3-25,342614.0,673473,110715
2022-4-25,342214.0,674239,110749
2022-5-25,341817.0,675003,110782
2022-6-25,341424.0,675764,110814
2022-7-25,341034.0,676522,110846
2022-8-25,340648.0,677277,110877
2022-9-25,340265.0,678030,110907
2022-10-25,339886.0,678780,110936
2022-11-25,339510.0,679527,110965
2022-12-25,339138.0,680271,110993
2023-1-25,338769.0,681013,111020
2023-2-25,338403.0,681752,111047
2023-3-25,338040.0,682488,111073
2023-4-25,337681.0,683222,111098
2023-5-25,337325.0,683953,111123
2023-6-25,336972.0,684682,111147
2023-7-25,336622.0,685408,111171
2023-8-25,336275.0,686131,111194
2023-9-25,335932.0,686852,111217
2023-10-25,335592.0,687570,111239
2023-11-25,335255.0,688286,111260
2023-12-25,334921.0,688999,111281
2024-1-25,334590.0,689710,111301
2024-2-25,334262.0,690418,111321
2024-3-25,333937.0,691124,111340
2024-4-25,333615.0,691827,111359
2024-5-25,333295.0,692528,111378
2024-6-25,332978.0,693227,111396
2024-7-25,332664.0,693923,111414
2024-8-25,332353.0,694617,111431
2024-9-25,332045.0,695308,111448
2024-10-25,331740.0,695997,111464
2024-11-25,331437.0,696684,111480
2024-12-25,331137.0,697368,111496
2025-1-25,330840.0,698050,111511
2025-2-25,330545.0,698730,111526
2025-3-25,330253.0,699407,111541
2025-4-25,329964.0,700082,111555
2025-5-25,329677.0,700755,111569
2025-6-25,329393.0,701426,111583
2025-7-25,329111.0,702094,111596
2025-8-25,328832.0,702760,111609
2025-9-25,328555.0,703424,111622
2025-10-25,328281.0,704086,111634
2025-11-25,328009.0,704746,111646
2025-12-25,327740.0,705403,111658
2026-1-25,327473.0,706058,111669
2026-2-25,327209.0,706711,111680
2026-3-25,326947.0,707362,111691
2026-4-25,326688.0,708011,111702
2026-5-25,326431.0,708658,111712
2026-6-25,326176.0,709302,111722
2026-7-25,325924.0,709944,111732
2026-8-25,325674.0,710584,111742
2026-9-25,325426.0,711222,111752
2026-10-25,325180.0,711858,111761
2026-11-25,324937.0,712492,111770
2026-12-25,324696.0,713124,111779
2027-1-25,324457.0,713754,111788
2027-2-25,324220.0,714382,111797
2027-3-25,323985.0,715008,111805
2027-4-25,323753.0,715632,111813
2027-5-25,323523.0,716254,111821
2027-6-25,323295.0,716874,111829
2027-7-25,323069.0,717492,111837
2027-8-25,322845.0,718108,111845
2027-9-25,322623.0,718722,111852
2027-10-25,322403.0,719334,111859
2027-11-25,322185.0,719945,111866
2027-12-25,321969.0,720554,111873
2028-1-25,321755.0,721161,111880
2028-2-25,321543.0,721766,111887
2028-3-25,321333.0,722369,111894
2028-4-25,321125.0,722970,111901
2028-5-25,320919.0,723569,111908
2028-6-25,320715.0,724166,111914
2028-7-25,320513.0,724762,111920
2028-8-25,320313.0,725356,111926
2028-9-25,320115.0,725948,111932
2028-10-25,319919.0,726538,111938
2028-11-25,319724.0,727127,111944
2028-12-25,319531.0,727714,111950
2029-1-25,319340.0,728299,111956
2029-2-25,319151.0,728882,111962
2029-3-25,318964.0,729464,111968
2029-4-25,318779.0,730044,111974
2029-5-25,318595.0,730622,111980
2029-6-25,318413.0,731198,111986
2029-7-25,318233.0,731773,111992
2029-8-25,318055.0,732346,111997
2029-9-25,317878.0,732917,112002
2029-10-25,317703.0,733487,112007
2029-11-25,317530.0,734055,112012
2029-12-25,317358.0,734621,112017
2030-1-25,317188.0,735186,112022
2030-2-25,317020.0,735749,112027
2030-3-25,316853.0,736310,112032
2030-4-25,316688.0,736870,112037
2030-5-25,316524.0,737428,112042
2030-6-25,316362.0,737985,112047
2030-7-25,316202.0,738540,112052
2030-8-25,316043.0,739093,112057
2030-9-25,315886.0,739645,112062
2030-10-25,315730.0,740195,112067
2030-11-25,315576.0,740744,112072
2030-12-25,315423.0,741291,112077
2031-1-25,315272.0,741837,112082
2031-2-25,315122.0,742381,112087
2031-3-25,314974.0,742924,112092
2031-4-25,314827.0,743465,112097
2031-5-25,314682.0,744005,112102
2031-6-25,314538.0,744543,112107
2031-7-25,314396.0,745080,112112
2031-8-25,314255.0,745615,112117
2031-9-25,314116.0,746149,112123
2031-10-25,313978.0,746681,112129
2031-11-25,313841.0,747212,112135
2031-12-25,313706.0,747742,112141
2032-1-25,313572.0,748270,112147
2032-2-25,313440.0,748797,112153
2032-3-25,313309.0,749322,112159
2032-4-25,313179.0,749846,112165
2032-5-25,313051.0,750369,112171
2032-6-25,312924.0,750890,112177
2032-7-25,312798.0,751410,112183
2032-8-25,312674.0,751928,112189
2032-9-25,312551.0,752445,112195
2032-10-25,312429.0,752961,112201
2032-11-25,312309.0,753475,112207
2032-12-25,312190.0,753988,112213
2033-1-25,312072.0,754500,112219
2033-2-25,311955.0,755010,112225
2033-3-25,311840.0,755519,112231
2033-4-25,311726.0,756027,112237
2033-5-25,311613.0,756533,112243
2033-6-25,311501.0,757038,112249
2033-7-25,311391.0,757542,112256
2033-8-25,311282.0,758045,112263
2033-9-25,311174.0,758546,112270
2033-10-25,311067.0,759046,112277
2033-11-25,310961.0,759545,112284
2033-12-25,310857.0,760043,112291
2034-1-25,310754.0,760539,112298
2034-2-25,310652.0,761034,112305
2034-3-25,310551.0,761528,112312
2034-4-25,310451.0,762021,112319
2034-5-25,310352.0,762513,112326
2034-6-25,310254.0,763003,112333
2034-7-25,310158.0,763492,112340
2034-8-25,310063.0,763980,112347
2034-9-25,309969.0,764467,112354
2034-10-25,309876.0,764953,112362
2034-11-25,309784.0,765437,112370
2034-12-25,309693.0,765920,112378
2035-1-25,309603.0,766402,112386
2035-2-25,309514.0,766883,112394
2035-3-25,309426.0,767363,112402
2035-4-25,309339.0,767842,112410
2035-5-25,309253.0,768320,112418
2035-6-25,309168.0,768796,112426
2035-7-25,309084.0,769271,112434
2035-8-25,309001.0,769745,112442
2035-9-25,308919.0,770218,112450
2035-10-25,308838.0,770690,112459
2035-11-25,308758.0,771161,112468
2035-12-25,308679.0,771631,112477
2036-1-25,308601.0,772100,112486
2036-2-25,308524.0,772568,112495
2036-3-25,308448.0,773035,112504
2036-4-25,308373.0,773501,112513
2036-5-25,308299.0,773966,112522
2036-6-25,308226.0,774429,112531
2036-7-25,308154.0,774891,112540
2036-8-25,308083.0,775352,112549
2036-9-25,308013.0,775812,112558
2036-10-25,307944.0,776271,112568
2036-11-25,307876.0,776729,112578
2036-12-25,307809.0,777186,112588
2037-1-25,307743.0,777642,112598
2037-2-25,307678.0,778097,112608
2037-3-25,307614.0,778551,112618
2037-4-25,307551.0,779004,112628
2037-5-25,307488.0,779456,112638
2037-6-25,307426.0,779907,112648
2037-7-25,307365.0,780357,112658
2037-8-25,307305.0,780807,112668
2037-9-25,307246.0,781256,112679
2037-10-25,307188.0,781704,112690
2037-11-25,307131.0,782151,112701
2037-12-25,307074.0,782597,112712
2038-1-25,307018.0,783042,112723
2038-2-25,306963.0,783486,112734
2038-3-25,306909.0,783929,112745
2038-4-25,306856.0,784371,112756
2038-5-25,306804.0,784812,112767
2038-6-25,306752.0,785252,112778
2038-7-25,306701.0,785691,112790
2038-8-25,306651.0,786129,112802
2038-9-25,306602.0,786567,112814
2038-10-25,306554.0,787004,112826
2038-11-25,306506.0,787440,112838
2038-12-25,306459.0,787875,112850
2039-1-25,306413.0,788309,112862
2039-2-25,306368.0,788742,112874
2039-3-25,306323.0,789174,112886
2039-4-25,306279.0,789605,112898
2039-5-25,306236.0,790036,112910
2039-6-25,306194.0,790466,112923
2039-7-25,306152.0,790895,112936
2039-8-25,306111.0,791323,112949
2039-9-25,306071.0,791750,112962
2039-10-25,306032.0,792176,112975
2039-11-25,305993.0,792602,112988
2039-12-25,305955.0,793027,113001
2040-1-25,305918.0,793451,113014
2040-2-25,305882.0,793874,113027
2040-3-25,305846.0,794296,113040
2040-4-25,305811.0,794718,113054
2040-5-25,305777.0,795139,113068
2040-6-25,305743.0,795559,113082
2040-7-25,305710.0,795978,113096
2040-8-25,305678.0,796396,113110
2040-9-25,305646.0,796814,113124
2040-10-25,305615.0,797231,113138
2040-11-25,305585.0,797647,113152
2040-12-25,305555.0,798062,113166
2041-1-25,305526.0,798477,113180
2041-2-25,305498.0,798891,113194
2041-3-25,305470.0,799304,113209
2041-4-25,305443.0,799716,113224
2041-5-25,305417.0,800128,113239
2041-6-25,305391.0,800539,113254
2041-7-25,305366.0,800949,113269
2041-8-25,305342.0,801358,113284
2041-9-25,305318.0,801767,113299
2041-10-25,305295.0,802175,113314
2041-11-25,305272.0,802582,113329
2041-12-25,305250.0,802989,113344
2042-1-25,305229.0,803395,113359
2042-2-25,305208.0,803800,113375
2042-3-25,305188.0,804204,113391
2042-4-25,305169.0,804608,113407
2042-5-25,305150.0,805011,113423
2042-6-25,305132.0,805413,113439
2042-7-25,305114.0,805815,113455
2042-8-25,305097.0,806216,113471
2042-9-25,305080.0,806616,113487
2042-10-25,305064.0,807016,113503
2042-11-25,305049.0,807415,113519
2042-12-25,305034.0,807813,113535
2043-1-25,305020.0,808211,113552
2043-2-25,305006.0,808608,113569
2043-3-25,304993.0,809004,113586
2043-4-25,304980.0,809400,113603
2043-5-25,304968.0,809795,113620
2043-6-25,304957.0,810189,113637
2043-7-25,304946.0,810583,113654
2043-8-25,304936.0,810976,113671
2043-9-25,304926.0,811369,113688
2043-10-25,304917.0,811761,113705
2043-11-25,304908.0,812152,113722
2043-12-25,304900.0,812543,113740
2044-1-25,304892.0,812933,113758
2044-2-25,304885.0,813322,113776
2044-3-25,304878.0,813711,113794
2044-4-25,304872.0,814099,113812
2044-5-25,304866.0,814487,113830
2044-6-25,304861.0,814874,113848
2044-7-25,304856.0,815260,113866
2044-8-25,304852.0,815646,113884
2044-9-25,304848.0,816031,113902
2044-10-25,304845.0,816416,113920
2044-11-25,304842.0,816800,113938
2044-12-25,304840.0,817184,113957
2045-1-25,304838.0,817567,113976
2045-2-25,304837.0,817949,113995
2045-3-25,304836.0,818331,114014
2045-4-25,304836.0,818712,114033
2045-5-25,304836.0,819093,114052
2045-6-25,304837.0,819473,114071
2045-7-25,304838.0,819853,114090
2045-8-25,304840.0,820232,114109
2045-9-25,304842.0,820611,114128
2045-10-25,304845.0,820989,114147
2045-11-25,304848.0,821366,114166
2045-12-25,304852.0,821743,114186
2046-1-25,304856.0,822119,114206
2046-2-25,304860.0,822495,114226
2046-3-25,304865.0,822870,114246
2046-4-25,304870.0,823245,114266
2046-5-25,304876.0,823619,114286
2046-6-25,304882.0,823993,114306
2046-7-25,304889.0,824366,114326
2046-8-25,304896.0,824739,114346
2046-9-25,304904.0,825111,114366
2046-10-25,304912.0,825483,114386
2046-11-25,304920.0,825854,114406
2046-12-25,304929.0,826225,114426
2047-1-25,304938.0,826595,114447
2047-2-25,304948.0,826965,114468
2047-3-25,304958.0,827334,114489
2047-4-25,304968.0,827703,114510
2047-5-25,304979.0,828071,114531
2047-6-25,304990.0,828439,114552
2047-7-25,305002.0,828806,114573
2047-8-25,305014.0,829173,114594
2047-9-25,305027.0,829539,114615
2047-10-25,305040.0,829905,114636
2047-11-25,305053.0,830270,114657
2047-12-25,305067.0,830635,114678
2048-1-25,305081.0,831000,114699
2048-2-25,305095.0,831364,114720
2048-3-25,305110.0,831728,114742
2048-4-25,305125.0,832091,114764
2048-5-25,305141.0,832454,114786
2048-6-25,305157.0,832816,114808
2048-7-25,305173.0,833178,114830
2048-8-25,305190.0,833539,114852
2048-9-25,305207.0,833900,114874
2048-10-25,305224.0,834261,114896
2048-11-25,305242.0,834621,114918
2048-12-25,305260.0,834981,114940
2049-1-25,305279.0,835340,114962
2049-2-25,305298.0,835699,114984
2049-3-25,305317.0,836057,115006
2049-4-25,305337.0,836415,115028
2049-5-25,305357.0,836772,115051
2049-6-25,305377.0,837129,115074
2049-7-25,305398.0,837486,115097
2049-8-25,305419.0,837842,115120
2049-9-25,305440.0,838198,115143
2049-10-25,305462.0,838553,115166
2049-11-25,305484.0,838908,115189
2049-12-25,305506.0,839263,115212
2050-1-25,305529.0,839617,115235
2050-2-25,305552.0,839971,115258
2050-3-25,305575.0,840324,115281
2050-4-25,305599.0,840677,115304
2050-5-25,305623.0,841030,115327
2050-6-25,305647.0,841382,115350
2050-7-25,305672.0,841734,115373
2050-8-25,305697.0,842085,115396
2050-9-25,305722.0,842436,115420
2050-10-25,305748.0,842787,115444
2050-11-25,305774.0,843137,115468
2050-12-25,305800.0,843487,115492
2051-1-25,305827.0,843837,115516
2051-2-25,305854.0,844186,115540
2051-3-25,305881.0,844535,115564
2051-4-25,305909.0,844883,115588
2051-5-25,305937.0,845231,115612
2051-6-25,305965.0,845579,115636
2051-7-25,305994.0,845926,115660
2051-8-25,306023.0,846273,115684
2051-9-25,306052.0,846620,115708
2051-10-25,306081.0,846966,115732
2051-11-25,306111.0,847312,115756
2051-12-25,306141.0,847658,115780
2052-1-25,306171.0,848003,115804
2052-2-25,306202.0,848348,115829
2052-3-25,306233.0,848693,115854
2052-4-25,306264.0,849037,115879
2052-5-25,306295.0,849381,115904
2052-6-25,306327.0,849725,115929
2052-7-25,306359.0,850068,115954
2052-8-25,306391.0,850411,115979
2052-9-25,306424.0,850754,116004
2052-10-25,306457.0,851096,116029
2052-11-25,306490.0,851438,116054
2052-12-25,306523.0,851780,116079
2053-1-25,306557.0,852121,116104
2053-2-25,306591.0,852462,116129
2053-3-25,306625.0,852803,116154
2053-4-25,306659.0,853143,116179
2053-5-25,306694.0,853483,116204
2053-6-25,306729.0,853823,116229
2053-7-25,306764.0,854162,116254
2053-8-25,306799.0,854501,116280
2053-9-25,306835.0,854840,116306
2053-10-25,306871.0,855178,116332
2053-11-25,306907.0,855516,116358
2053-12-25,306944.0,855854,116384
2054-1-25,306981.0,856191,116410
2054-2-25,307018.0,856528,116436
2054-3-25,307055.0,856865,116462
2054-4-25,307093.0,857202,116488
2054-5-25,307131.0,857538,116514
2054-6-25,307169.0,857874,116540
2054-7-25,307207.0,858210,116566
2054-8-25,307246.0,858545,116592
2054-9-25,307285.0,858880,116618
2054-10-25,307324.0,859215,116644
2054-11-25,307363.0,859550,116670
2054-12-25,307402.0,859884,116696
2055-1-25,307442.0,860218,116722
2055-2-25,307482.0,860552,116748
2055-3-25,307522.0,860885,116774
2055-4-25,307562.0,861218,116801
2055-5-25,307603.0,861551,116828
2055-6-25,307644.0,861884,116855
2055-7-25,307685.0,862216,116882
2055-8-25,307726.0,862548,116909
2055-9-25,307768.0,862880,116936
2055-10-25,307810.0,863211,116963
2055-11-25,307852.0,863542,116990
2055-12-25,307894.0,863873,117017
2056-1-25,307936.0,864204,117044
2056-2-25,307979.0,864534,117071
2056-3-25,308022.0,864864,117098
2056-4-25,308065.0,865194,117125
2056-5-25,308108.0,865524,117152
2056-6-25,308151.0,865853,117179
2056-7-25,308195.0,866182,117206
2056-8-25,308239.0,866511,117233
2056-9-25,308283.0,866840,117260
2056-10-25,308327.0,867168,117287
2056-11-25,308372.0,867496,117314
2056-12-25,308417.0,867824,117341
2057-1-25,308462.0,868152,117368
2057-2-25,308507.0,868479,117396
2057-3-25,308552.0,868806,117424
2057-4-25,308598.0,869133,117452
2057-5-25,308644.0,869460,117480
2057-6-25,308690.0,869786,117508
2057-7-25,308736.0,870112,117536
2057-8-25,308782.0,870438,117564
2057-9-25,308829.0,870764,117592
2057-10-25,308876.0,871089,117620
2057-11-25,308923.0,871414,117648
2057-12-25,308970.0,871739,117676
2058-1-25,309017.0,872064,117704
2058-2-25,309064.0,872389,117732
2058-3-25,309112.0,872713,117760
2058-4-25,309160.0,873037,117788
2058-5-25,309208.0,873361,117816
2058-6-25,309256.0,873685,117844
2058-7-25,309304.0,874008,117872
2058-8-25,309353.0,874331,117900
2058-9-25,309402.0,874654,117928
2058-10-25,309451.0,874977,117956
2058-11-25,309500.0,875300,117984
2058-12-25,309549.0,875622,118012
2059-1-25,309598.0,875944,118040
2059-2-25,309648.0,876266,118068
2059-3-25,309698.0,876588,118096
2059-4-25,309748.0,876909,118125
2059-5-25,309798.0,877230,118154
2059-6-25,309848.0,877551,118183
2059-7-25,309898.0,877872,118212
2059-8-25,309949.0,878193,118241
2059-9-25,310000.0,878513,118270
2059-10-25,310051.0,878833,118299
2059-11-25,310102.0,879153,118328
2059-12-25,310153.0,879473,118357
2060-1-25,310205.0,879793,118386
2060-2-25,310257.0,880112,118415
2060-3-25,310309.0,880431,118444
2060-4-25,310361.0,880750,118473
2060-5-25,310413.0,881069,118502
2060-6-25,310465.0,881388,118531
2060-7-25,310517.0,881707,118560
2060-8-25,310570.0,882025,118589
2060-9-25,310623.0,882343,118618
2060-10-25,310676.0,882661,118647
2060-11-25,310729.0,882979,118676
2060-12-25,310782.0,883297,118705
2061-1-25,310835.0,883614,118734
2061-2-25,310889.0,883931,118763
2061-3-25,310943.0,884248,118792
2061-4-25,310997.0,884565,118821
2061-5-25,311051.0,884882,118850
2061-6-25,311105.0,885198,118879
2061-7-25,311159.0,885514,118908
2061-8-25,311213.0,885830,118937
2061-9-25,311268.0,886146,118967
2061-10-25,311323.0,886462,118997
2061-11-25,311378.0,886778,119027
2061-12-25,311433.0,887093,119057
2062-1-25,311488.0,887408,119087
2062-2-25,311543.0,887723,119117
2062-3-25,311598.0,888038,119147
2062-4-25,311654.0,888353,119177
2062-5-25,311710.0,888668,119207
2062-6-25,311766.0,888982,119237
2062-7-25,311822.0,889296,119267
2062-8-25,311878.0,889610,119297
2062-9-25,311934.0,889924,119327
2062-10-25,311990.0,890238,119357
2062-11-25,312047.0,890552,119387
2062-12-25,312104.0,890865,119417
2063-1-25,312161.0,891178,119447
2063-2-25,312218.0,891491,119477
2063-3-25,312275.0,891804,119507
2063-4-25,312332.0,892117,119537
2063-5-25,312389.0,892430,119567
2063-6-25,312446.0,892742,119597
2063-7-25,312504.0,893054,119627
2063-8-25,312562.0,893366,119657
2063-9-25,312620.0,893678,119687
2063-10-25,312678.0,893990,119717
2063-11-25,312736.0,894302,119747
2063-12-25,312794.0,894614,119777
2064-1-25,312852.0,894925,119807
2064-2-25,312910.0,895236,119837
2064-3-25,312969.0,895547,119867
2064-4-25,313028.0,895858,119897
2064-5-25,313087.0,896169,119927
2064-6-25,313146.0,896480,119957
2064-7-25,313205.0,896790,119987
2064-8-25,313264.0,897100,120018
2064-9-25,313323.0,897410,120049
2064-10-25,313382.0,897720,120080
2064-11-25,313442.0,898030,120111
2064-12-25,313502.0,898340,120142
2065-1-25,313562.0,898650,120173
2065-2-25,313622.0,898959,120204
2065-3-25,313682.0,899268,120235
2065-4-25,313742.0,899577,120266
2065-5-25,313802.0,899886,120297
2065-6-25,313862.0,900195,120328
2065-7-25,313922.0,900504,120359
2065-8-25,313983.0,900813,120390
2065-9-25,314044.0,901122,120421
2065-10-25,314105.0,901430,120452
2065-11-25,314166.0,901738,120483
2065-12-25,314227.0,902046,120514
2066-1-25,314288.0,902354,120545
2066-2-25,314349.0,902662,120576
2066-3-25,314410.0,902970,120607
2066-4-25,314471.0,903278,120638
2066-5-25,314533.0,903585,120669
2066-6-25,314595.0,903892,120700
2066-7-25,314657.0,904199,120731
2066-8-25,314719.0,904506,120762
2066-9-25,314781.0,904813,120793
2066-10-25,314843.0,905120,120824
2066-11-25,314905.0,905427,120855
2066-12-25,314967.0,905734,120886
2067-1-25,315029.0,906040,120917
2067-2-25,315091.0,906346,120948
2067-3-25,315154.0,906652,120979
2067-4-25,315217.0,906958,121010
2067-5-25,315280.0,907264,121041
2067-6-25,315343.0,907570,121072
2067-7-25,315406.0,907876,121103
2067-8-25,315469.0,908182,121134
2067-9-25,315532.0,908488,121165
2067-10-25,315595.0,908793,121196
2067-11-25,315658.0,909098,121227
2067-12-25,315721.0,909403,121258
2068-1-25,315785.0,909708,121289
2068-2-25,315849.0,910013,121320
2068-3-25,315913.0,910318,121351
2068-4-25,315977.0,910623,121382
2068-5-25,316041.0,910928,121414
2068-6-25,316105.0,911233,121446
2068-7-25,316169.0,911537,121478
2068-8-25,316233.0,911841,121510
2068-9-25,316297.0,912145,121542
2068-10-25,316361.0,912449,121574
2068-11-25,316425.0,912753,121606
2068-12-25,316490.0,913057,121638
2069-1-25,316555.0,913361,121670
2069-2-25,316620.0,913665,121702
2069-3-25,316685.0,913969,121734
2069-4-25,316750.0,914272,121766
2069-5-25,316815.0,914575,121798
2069-6-25,316880.0,914878,121830
2069-7-25,316945.0,915181,121862
2069-8-25,317010.0,915484,121894
2069-9-25,317075.0,915787,121926
2069-10-25,317140.0,916090,121958
2069-11-25,317205.0,916393,121990
2069-12-25,317271.0,916696,122022
2070-1-25,317337.0,916999,122054
2070-2-25,317403.0,917301,122086
2070-3-25,317469.0,917603,122118
2070-4-25,317535.0,917905,122150
2070-5-25,317601.0,918207,122182
2070-6-25,317667.0,918509,122214
2070-7-25,317733.0,918811,122246
2070-8-25,317799.0,919113,122278
2070-9-25,317865.0,919415,122310
2070-10-25,317931.0,919717,122342
2070-11-25,317997.0,920019,122374
2070-12-25,318063.0,920321,122406
2071-1-25,318130.0,920622,122438
2071-2-25,318197.0,920923,122470
2071-3-25,318264.0,921224,122502
2071-4-25,318331.0,921525,122534
2071-5-25,318398.0,921826,122566
2071-6-25,318465.0,922127,122598
2071-7-25,318532.0,922428,122630
2071-8-25,318599.0,922729,122662
2071-9-25,318666.0,923030,122694
2071-10-25,318733.0,923331,122726
2071-11-25,318800.0,923632,122758
2071-12-25,318867.0,923932,122790
2072-1-25,318934.0,924232,122822
2072-2-25,319001.0,924532,122854
2072-3-25,319069.0,924832,122886
2072-4-25,319137.0,925132,122918
2072-5-25,319205.0,925432,122950
2072-6-25,319273.0,925732,122982
2072-7-25,319341.0,926032,123014
2072-8-25,319409.0,926332,123046
2072-9-25,319477.0,926632,123078
2072-10-25,319545.0,926932,123110
2072-11-25,319613.0,927232,123142
2072-12-25,319681.0,927531,123174
2073-1-25,319749.0,927830,123206
2073-2-25,319817.0,928129,123238
2073-3-25,319885.0,928428,123271
2073-4-25,319953.0,928727,123304
2073-5-25,320021.0,929026,123337
2073-6-25,320090.0,929325,123370
2073-7-25,320159.0,929624,123403
2073-8-25,320228.0,929923,123436
2073-9-25,320297.0,930222,123469
2073-10-25,320366.0,930521,123502
2073-11-25,320435.0,930820,123535
2073-12-25,320504.0,931119,123568
2074-1-25,320573.0,931417,123601
2074-2-25,320642.0,931715,123634
2074-3-25,320711.0,932013,123667
2074-4-25,320780.0,932311,123700
2074-5-25,320849.0,932609,123733
2074-6-25,320918.0,932907,123766
2074-7-25,320987.0,933205,123799
2074-8-25,321056.0,933503,123832
2074-9-25,321125.0,933801,123865
2074-10-25,321195.0,934099,123898
2074-11-25,321265.0,934397,123931
2074-12-25,321335.0,934695,123964
2075-1-25,321405.0,934993,123997
2075-2-25,321475.0,935291,124030
2075-3-25,321545.0,935588,124063
2075-4-25,321615.0,935885,124096
2075-5-25,321685.0,936182,124129
2075-6-25,321755.0,936479,124162
2075-7-25,321825.0,936776,124195
2075-8-25,321895.0,937073,124228
2075-9-25,321965.0,937370,124261
2075-10-25,322035.0,937667,124294
2075-11-25,322105.0,937964,124327
2075-12-25,322175.0,938261,124360
2076-1-25,322245.0,938558,124393
2076-2-25,322315.0,938855,124426
2076-3-25,322385.0,939152,124459
2076-4-25,322456.0,939449,124492
2076-5-25,322527.0,939746,124525
2076-6-25,322598.0,940042,124558
2076-7-25,322669.0,940338,124591
2076-8-25,322740.0,940634,124624
2076-9-25,322811.0,940930,124657
2076-10-25,322882.0,941226,124690
2076-11-25,322953.0,941522,124723
2076-12-25,323024.0,941818,124756
2077-1-25,323095.0,942114,124789
2077-2-25,323166.0,942410,124822
2077-3-25,323237.0,942706,124855
2077-4-25,323308.0,943002,124888
2077-5-25,323379.0,943298,124921
2077-6-25,323450.0,943594,124954
2077-7-25,323521.0,943890,124987
2077-8-25,323592.0,944186,125020
2077-9-25,323663.0,944482,125053
2077-10-25,323734.0,944778,125086
2077-11-25,323805.0,945073,125119
2077-12-25,323877.0,945368,125152
2078-1-25,323949.0,945663,125185
2078-2-25,324021.0,945958,125218
2078-3-25,324093.0,946253,125251
2078-4-25,324165.0,946548,125284
2078-5-25,324237.0,946843,125317
2078-6-25,324309.0,947138,125350
2078-7-25,324381.0,947433,125383
2078-8-25,324453.0,947728,125416
2078-9-25,324525.0,948023,125449
2078-10-25,324597.0,948318,125482
2078-11-25,324669.0,948613,125515
2078-12-25,324741.0,948908,125548
2079-1-25,324813.0,949203,125581
2079-2-25,324885.0,949498,125614
2079-3-25,324957.0,949793,125647
2079-4-25,325029.0,950088,125680
2079-5-25,325101.0,950382,125713
2079-6-25,325173.0,950676,125746
2079-7-25,325245.0,950970,125779
2079-8-25,325317.0,951264,125812
2079-9-25,325389.0,951558,125845
2079-10-25,325461.0,951852,125878
2079-11-25,325533.0,952146,125911
2079-12-25,325605.0,952440,125944
2080-1-25,325678.0,952734,125977
2080-2-25,325751.0,953028,126010
2080-3-25,325824.0,953322,126043
2080-4-25,325897.0,953616,126076
2080-5-25,325970.0,953910,126109
2080-6-25,326043.0,954204,126142
2080-7-25,326116.0,954498,126176
2080-8-25,326189.0,954792,126210
2080-9-25,326262.0,955086,126244
2080-10-25,326335.0,955380,126278
2080-11-25,326408.0,955674,126312
2080-12-25,326481.0,955968,126346
2081-1-25,326554.0,956261,126380
2081-2-25,326627.0,956554,126414
2081-3-25,326700.0,956847,126448
2081-4-25,326773.0,957140,126482
2081-5-25,326846.0,957433,126516
2081-6-25,326919.0,957726,126550
2081-7-25,326992.0,958019,126584
2081-8-25,327065.0,958312,126618
2081-9-25,327138.0,958605,126652
2081-10-25,327211.0,958898,126686
2081-11-25,327284.0,959191,126720
2081-12-25,327357.0,959484,126754
2082-1-25,327430.0,959777,126788
2082-2-25,327504.0,960070,126822
2082-3-25,327578.0,960363,126856
2082-4-25,327652.0,960656,126890
2082-5-25,327726.0,960949,126924
2082-6-25,327800.0,961242,126958
2082-7-25,327874.0,961535,126992
2082-8-25,327948.0,961828,127026
2082-9-25,328022.0,962121,127060
2082-10-25,328096.0,962414,127094
2082-11-25,328170.0,962707,127128
2082-12-25,328244.0,963000,127162
2083-1-25,328318.0,963293,127196
2083-2-25,328392.0,963585,127230
2083-3-25,328466.0,963877,127264
2083-4-25,328540.0,964169,127298
2083-5-25,328614.0,964461,127332
2083-6-25,328688.0,964753,127366
2083-7-25,328762.0,965045,127400
2083-8-25,328836.0,965337,127434
2083-9-25,328910.0,965629,127468
2083-10-25,328984.0,965921,127502
2083-11-25,329058.0,966213,127536
2083-12-25,329132.0,966505,127570
2084-1-25,329206.0,966797,127604
2084-2-25,329280.0,967089,127638
2084-3-25,329354.0,967381,127672
2084-4-25,329428.0,967673,127706
2084-5-25,329502.0,967965,127740
2084-6-25,329576.0,968257,127774
2084-7-25,329650.0,968549,127808
2084-8-25,329725.0,968841,127842
2084-9-25,329800.0,969133,127876
2084-10-25,329875.0,969425,127910
2084-11-25,329950.0,969717,127944
2084-12-25,330025.0,970009,127978
2085-1-25,330100.0,970301,128012
2085-2-25,330175.0,970593,128046
2085-3-25,330250.0,970885,128080
2085-4-25,330325.0,971177,128114
2085-5-25,330400.0,971469,128148
2085-6-25,330475.0,971761,128182
2085-7-25,330550.0,972052,128216
2085-8-25,330625.0,972343,128250
2085-9-25,330700.0,972634,128284
2085-10-25,330775.0,972925,128318
2085-11-25,330850.0,973216,128352
2085-12-25,330925.0,973507,128386
2086-1-25,331000.0,973798,128420
2086-2-25,331075.0,974089,128454
2086-3-25,331150.0,974380,128488
2086-4-25,331225.0,974671,128522
2086-5-25,331300.0,974962,128556
2086-6-25,331375.0,975253,128590
2086-7-25,331450.0,975544,128624
2086-8-25,331525.0,975835,128658
2086-9-25,331600.0,976126,128692
2086-10-25,331675.0,976417,128726
2086-11-25,331750.0,976708,128760
2086-12-25,331825.0,976999,128794
2087-1-25,331900.0,977290,128828
2087-2-25,331975.0,977581,128862
2087-3-25,332050.0,977872,128896
2087-4-25,332125.0,978163,128930
2087-5-25,332200.0,978454,128964
2087-6-25,332275.0,978745,128998
2087-7-25,332350.0,979036,129032
2087-8-25,332425.0,979327,129066
2087-9-25,332500.0,979618,129100
2087-10-25,332576.0,979909,129134
2087-11-25,332652.0,980200,129168
2087-12-25,332728.0,980491,129202
2088-1-25,332804.0,980782,129236
2088-2-25,332880.0,981073,129270
2088-3-25,332956.0,981364,129304
2088-4-25,333032.0,981654,129338
2088-5-25,333108.0,981944,129372
2088-6-25,333184.0,982234,129406
2088-7-25,333260.0,982524,129440
2088-8-25,333336.0,982814,129474
2088-9-25,333412.0,983104,129508
2088-10-25,333488.0,983394,129542
2088-11-25,333564.0,983684,129576
2088-12-25,333640.0,983974,129610
2089-1-25,333716.0,984264,129644
2089-2-25,333792.0,984554,129678
2089-3-25,333868.0,984844,129712
2089-4-25,333944.0,985134,129746
2089-5-25,334020.0,985424,129780
2089-6-25,334096.0,985714,129814
2089-7-25,334172.0,986004,129848
2089-8-25,334248.0,986294,129882
2089-9-25,334324.0,986584,129916
2089-10-25,334400.0,986874,129950
2089-11-25,334476.0,987164,129984
2089-12-25,334552.0,987454,130018
2090-1-25,334628.0,987744,130052
2090-2-25,334704.0,988034,130086
2090-3-25,334780.0,988324,130120
2090-4-25,334856.0,988614,130154
2090-5-25,334932.0,988904,130188
2090-6-25,335008.0,989194,130222
2090-7-25,335084.0,989484,130256
2090-8-25,335160.0,989774,130290
2090-9-25,335236.0,990064,130324
2090-10-25,335312.0,990354,130358
2090-11-25,335388.0,990644,130392
2090-12-25,335464.0,990934,130426
2091-1-25,335540.0,991224,130460
2091-2-25,335616.0,991514,130494
2091-3-25,335692.0,991804,130528
2091-4-25,335768.0,992094,130562
2091-5-25,335844.0,992384,130596
2091-6-25,335920.0,992674,130630
2091-7-25,335996.0,992964,130664
2091-8-25,336072.0,993253,130698
2091-9-25,336148.0,993542,130732
2091-10-25,336224.0,993831,130766
2091-11-25,336300.0,994120,130800
2091-12-25,336376.0,994409,130834
2092-1-25,336452.0,994698,130868
2092-2-25,336528.0,994987,130902
2092-3-25,336604.0,995276,130936
2092-4-25,336681.0,995565,130970
2092-5-25,336758.0,995854,131004
2092-6-25,336835.0,996143,131038
2092-7-25,336912.0,996432,131072
2092-8-25,336989.0,996721,131106
2092-9-25,337066.0,997010,131140
2092-10-25,337143.0,997299,131174
2092-11-25,337220.0,997588,131208
2092-12-25,337297.0,997877,131242
2093-1-25,337374.0,998166,131276
2093-2-25,337451.0,998455,131310
2093-3-25,337528.0,998744,131344
2093-4-25,337605.0,999033,131378
2093-5-25,337682.0,999322,131412
2093-6-25,337759.0,999611,131446
2093-7-25,337836.0,999900,131480
2093-8-25,337913.0,1000189,131514
2093-9-25,337990.0,1000478,131548
2093-10-25,338067.0,1000767,131582
2093-11-25,338144.0,1001056,131616
2093-12-25,338221.0,1001345,131650
2094-1-25,338298.0,1001634,131684
2094-2-25,338375.0,1001923,131718
2094-3-25,338452.0,1002212,131752
2094-4-25,338529.0,1002501,131786
2094-5-25,338606.0,1002790,131820
2094-6-25,338683.0,1003079,131854
2094-7-25,338760.0,1003368,131888
2094-8-25,338837.0,1003657,131922
2094-9-25,338914.0,1003946,131956
2094-10-25,338991.0,1004235,131990
2094-11-25,339068.0,1004524,132024
2094-12-25,339145.0,1004813,132058
2095-1-25,339222.0,1005102,132092
2095-2-25,339299.0,1005391,132126
2095-3-25,339376.0,1005680,132160
2095-4-25,339453.0,1005969,132195
2095-5-25,339530.0,1006258,132230
2095-6-25,339607.0,1006547,132264
2095-7-25,339684.0,1006836,132299
2095-8-25,339761.0,1007125,132334
2095-9-25,339838.0,1007414,132368
2095-10-25,339915.0,1007703,132403
2095-11-25,339992.0,1007991,132438
2095-12-25,340069.0,1008279,132472
2096-1-25,340146.0,1008567,132507
2096-2-25,340223.0,1008855,132541
2096-3-25,340300.0,1009143,132576
2096-4-25,340377.0,1009431,132611
2096-5-25,340454.0,1009719,132645
2096-6-25,340531.0,1010007,132680
2096-7-25,340608.0,1010295,132715
2096-8-25,340685.0,1010583,132749
2096-9-25,340762.0,1010871,132784
2096-10-25,340839.0,1011159,132818
2096-11-25,340916.0,1011447,132853
2096-12-25,340993.0,1011735,132888
2097-1-25,341070.0,1012023,132922
2097-2-25,341147.0,1012311,132957
2097-3-25,341224.0,1012599,132991
2097-4-25,341301.0,1012887,133026
2097-5-25,341378.0,1013175,133061
2097-6-25,341455.0,1013463,133095
2097-7-25,341532.0,1013751,133130
2097-8-25,341609.0,1014039,133164
2097-9-25,341686.0,1014327,133199
2097-10-25,341763.0,1014615,133234
2097-11-25,341840.0,1014903,133268
2097-12-25,341917.0,1015191,133303
2098-1-25,341994.0,1015479,133337
2098-2-25,342071.0,1015767,133372
2098-3-25,342148.0,1016055,133406
2098-4-25,342225.0,1016343,133441
2098-5-25,342302.0,1016631,133476
2098-6-25,342379.0,1016919,133510
2098-7-25,342456.0,1017207,133545
2098-8-25,342534.0,1017495,133580
2098-9-25,342612.0,1017783,133614
2098-10-25,342690.0,1018071,133649
2098-11-25,342768.0,1018359,133684
2098-12-25,342846.0,1018647,133719
2099-1-25,342924.0,1018935,133753
2099-2-25,343002.0,1019223,133788
2099-3-25,343080.0,1019511,133823
2099-4-25,343158.0,1019799,133858
2099-5-25,343236.0,1020087,133893
2099-6-25,343314.0,1020375,133928
2099-7-25,343392.0,1020663,133962
2099-8-25,343470.0,1020951,133997
2099-9-25,343548.0,1021239,134032
2099-10-25,343626.0,1021527,134067
2099-11-25,343704.0,1021815,134102
2099-12-25,343782.0,1022103,134136
2100-1-25,343860.0,1022391,134171
2100-2-25,343938.0,1022679,134206
2100-3-25,344016.0,1022967,134241
2100-4-25,344094.0,1023255,134276
2100-5-25,344172.0,1023543,134310
2100-6-25,344250.0,1023831,134345
2100-7-25,344328.0,1024119,134380
2100-8-25,344406.0,1024407,134415
2100-9-25,344484.0,1024695,134450
2100-10-25,344562.0,1024983,134484
2100-11-25,344640.0,1025271,134519
2100-12-25,344718.0,1025559,134554
2101-1-25,344796.0,1025847,134589
2101-2-25,344874.0,1026135,134623
2101-3-25,344952.0,1026423,134658
2101-4-25,345030.0,1026711,134693
2101-5-25,345108.0,1026999,134728
2101-6-25,345186.0,1027287,134763
2101-7-25,345264.0,1027575,134798
2101-8-25,345342.0,1027863,134832
2101-9-25,345420.0,1028151,134867
2101-10-25,345498.0,1028439,134902
2101-11-25,345576.0,1028727,134937
2101-12-25,345654.0,1029015,134972
2102-1-25,345732.0,1029303,135006
2102-2-25,345810.0,1029591,135041
2102-3-25,345888.0,1029879,135076
2102-4-25,345966.0,1030167,135111
2102-5-25,346044.0,1030455,135146
2102-6-25,346122.0,1030743,135180
2102-7-25,346200.0,1031031,135215
2102-8-25,346278.0,1031319,135250
2102-9-25,346356.0,1031607,135285
2102-10-25,346434.0,1031894,135320
2102-11-25,346512.0,1032181,135354
2102-12-25,346590.0,1032468,135389
2103-1-25,346668.0,1032755,135424
2103-2-25,346746.0,1033042,135458
2103-3-25,346824.0,1033329,135493
2103-4-25,346902.0,1033616,135528
2103-5-25,346980.0,1033903,135563
2103-6-25,347058.0,1034190,135597
2103-7-25,347136.0,1034477,135632
2103-8-25,347214.0,1034764,135667
2103-9-25,347292.0,1035051,135702
2103-10-25,347370.0,1035338,135736
2103-11-25,347448.0,1035625,135771
2103-12-25,347526.0,1035912,135806
2104-1-25,347604.0,1036199,135840
2104-2-25,347682.0,1036486,135875
2104-3-25,347760.0,1036773,135910
2104-4-25,347838.0,1037060,135945
2104-5-25,347916.0,1037347,135979
2104-6-25,347994.0,1037634,136014
2104-7-25,348072.0,1037921,136049
2104-8-25,348150.0,1038208,136084
2104-9-25,348228.0,1038495,136118
2104-10-25,348306.0,1038782,136153
2104-11-25,348384.0,1039069,136188
2104-12-25,348462.0,1039356,136223
2105-1-25,348540.0,1039643,136257
2105-2-25,348618.0,1039930,136292
2105-3-25,348696.0,1040217,136327
2105-4-25,348774.0,1040504,136362
2105-5-25,348852.0,1040791,136396
2105-6-25,348930.0,1041078,136431
2105-7-25,349008.0,1041365,136466
2105-8-25,349086.0,1041652,136500
2105-9-25,349164.0,1041939,136535
2105-10-25,349242.0,1042226,136570
2105-11-25,349320.0,1042513,136605
2105-12-25,349398.0,1042800,136639
2106-1-25,349476.0,1043087,136674
2106-2-25,349554.0,1043374,136709
2106-3-25,349632.0,1043661,136744
2106-4-25,349710.0,1043948,136778
2106-5-25,349788.0,1044235,136813
2106-6-25,349866.0,1044522,136848
2106-7-25,349944.0,1044809,136882
2106-8-25,350022.0,1045096,136917
2106-9-25,350100.0,1045383,136952
2106-10-25,350178.0,1045670,136987
2106-11-25,350256.0,1045957,137021
2106-12-25,350334.0,1046244,137056
2107-1-25,350412.0,1046531,137091
2107-2-25,350490.0,1046818,137126
2107-3-25,350568.0,1047105,137160
2107-4-25,350646.0,1047392,137195
2107-5-25,350724.0,1047679,137230
2107-6-25,350802.0,1047966,137265
2107-7-25,350880.0,1048253,137299
2107-8-25,350959.0,1048540,137334
2107-9-25,351038.0,1048827,137369
2107-10-25,351117.0,1049114,137404
2107-11-25,351196.0,1049401,137439
2107-12-25,351275.0,1049688,137474
2108-1-25,351354.0,1049975,137509
2108-2-25,351433.0,1050262,137544
2108-3-25,351512.0,1050549,137579
2108-4-25,351591.0,1050836,137614
2108-5-25,351670.0,1051123,137648
2108-6-25,351749.0,1051410,137683
2108-7-25,351828.0,1051697,137718
2108-8-25,351907.0,1051984,137753
2108-9-25,351986.0,1052271,137788
2108-10-25,352065.0,1052558,137823
2108-11-25,352144.0,1052845,137858
2108-12-25,352223.0,1053132,137893
2109-1-25,352302.0,1053419,137928
2109-2-25,352381.0,1053706,137963
2109-3-25,352460.0,1053993,137998
2109-4-25,352539.0,1054280,138033
2109-5-25,352618.0,1054567,138068
2109-6-25,352697.0,1054854,138103
2109-7-25,352776.0,1055141,138138
2109-8-25,352855.0,1055428,138172
2109-9-25,352934.0,1055715,138207
2109-10-25,353013.0,1056002,138242
2109-11-25,353092.0,1056289,138277
2109-12-25,353171.0,1056576,138312
2110-1-25,353250.0,1056863,138347
2110-2-25,353329.0,1057150,138382
2110-3-25,353408.0,1057437,138417
2110-4-25,353487.0,1057724,138452
2110-5-25,353566.0,1058011,138487
2110-6-25,353645.0,1058298,138522
2110-7-25,353724.0,1058585,138557
2110-8-25,353803.0,1058872,138592
2110-9-25,353882.0,1059159,138627
2110-10-25,353961.0,1059446,138662
2110-11-25,354040.0,1059733,138696
2110-12-25,354119.0,1060020,138731
2111-1-25,354198.0,1060307,138766
2111-2-25,354277.0,1060594,138801
2111-3-25,354356.0,1060881,138836
2111-4-25,354435.0,1061168,138871
2111-5-25,354514.0,1061455,138906
2111-6-25,354593.0,1061742,138941
2111-7-25,354672.0,1062029,138976
2111-8-25,354751.0,1062316,139011
2111-9-25,354830.0,1062603,139046
2111-10-25,354909.0,1062890,139081
2111-11-25,354988.0,1063177,139116
2111-12-25,355067.0,1063464,139151
2112-1-25,355146.0,1063751,139186
2112-2-25,355225.0,1064038,139220
2112-3-25,355304.0,1064325,139255
2112-4-25,355383.0,1064612,139290
2112-5-25,355462.0,1064899,139325
2112-6-25,355541.0,1065186,139360
2112-7-25,355620.0,1065473,139395
2112-8-25,355699.0,1065760,139430
2112-9-25,355778.0,1066047,139465
2112-10-25,355857.0,1066334,139500
2112-11-25,355936.0,1066621,139535
2112-12-25,356015.0,1066908,139570
2113-1-25,356094.0,1067195,139605
2113-2-25,356173.0,1067482,139640
2113-3-25,356252.0,1067769,139675
2113-4-25,356331.0,1068056,139710
2113-5-25,356410.0,1068343,139744
2113-6-25,356489.0,1068630,139779
2113-7-25,356568.0,1068917,139814
2113-8-25,356647.0,1069204,139849
2113-9-25,356726.0,1069491,139884
2113-10-25,356805.0,1069778,139919
2113-11-25,356884.0,1070065,139954
2113-12-25,356963.0,1070352,139989
2114-1-25,357042.0,1070639,140024
2114-2-25,357121.0,1070926,140059
2114-3-25,357200.0,1071213,140094
2114-4-25,357279.0,1071500,140129
2114-5-25,357358.0,1071787,140164
2114-6-25,357437.0,1072074,140199
2114-7-25,357516.0,1072361,140233
2114-8-25,357595.0,1072648,140268
2114-9-25,357674.0,1072935,140303
2114-10-25,357753.0,1073222,140338
2114-11-25,357832.0,1073509,140373
2114-12-25,357911.0,1073796,140408
2115-1-25,357990.0,1074083,140443
2115-2-25,358069.0,1074370,140478
2115-3-25,358148.0,1074657,140513
2115-4-25,358227.0,1074944,140548
2115-5-25,358306.0,1075231,140583
2115-6-25,358385.0,1075518,140618
2115-7-25,358464.0,1075805,140653
2115-8-25,358543.0,1076092,140688
2115-9-25,358622.0,1076379,140723
2115-10-25,358701.0,1076666,140758
2115-11-25,358780.0,1076953,140792
2115-12-25,358859.0,1077240,140827
2116-1-25,358938.0,1077527,140862
2116-2-25,359017.0,1077814,140897
2116-3-25,359096.0,1078101,140932
2116-4-25,359175.0,1078388,140967
2116-5-25,359254.0,1078675,141002
2116-6-25,359333.0,1078962,141037
2116-7-25,359412.0,1079249,141072
2116-8-25,359491.0,1079536,141107
2116-9-25,359570.0,1079823,141142
2116-10-25,359649.0,1080110,141177
2116-11-25,359728.0,1080397,141212
2116-12-25,359807.0,1080684,141247
2117-1-25,359886.0,1080971,141282
2117-2-25,359965.0,1081258,141316
2117-3-25,360044.0,1081545,141351
2117-4-25,360123.0,1081832,141386
2117-5-25,360202.0,1082119,141421
2117-6-25,360281.0,1082406,141456
2117-7-25,360360.0,1082693,141491
2117-8-25,360439.0,1082980,141526
2117-9-25,360518.0,1083267,141561
2117-10-25,360597.0,1083554,141596
2117-11-25,360676.0,1083841,141631
2117-12-25,360755.0,1084128,141666
2118-1-25,360834.0,1084415,141701
2118-2-25,360913.0,1084702,141736
2118-3-25,360992.0,1084989,141771
2118-4-25,361071.0,1085276,141806
2118-5-25,361150.0,1085563,141840
2118-6-25,361229.0,1085850,141875
2118-7-25,361308.0,1086137,141910
2118-8-25,361387.0,1086424,141945
2118-9-25,361466.0,1086711,141980
2118-10-25,361545.0,1086998,142015
2118-11-25,361624.0,1087285,142050
2118-12-25,361703.0,1087572,142085
2119-1-25,361782.0,1087858,142120
2119-2-25,361861.0,1088144,142155
2119-3-25,361940.0,1088430,142190
2119-4-25,362019.0,1088716,142224
2119-5-25,362098.0,1089002,142259
2119-6-25,362177.0,1089288,142294
2119-7-25,362256.0,1089574,142329
2119-8-25,362335.0,1089860,142364
2119-9-25,362414.0,1090146,142399
2119-10-25,362493.0,1090432,142434
2119-11-25,362572.0,1090718,142469
2119-12-25,362651.0,1091004,142503
2120-1-25,362730.0,1091290,142538
2120-2-25,362809.0,1091576,142573
2120-3-25,362888.0,1091862,142608
2120-4-25,362967.0,1092148,142643
2120-5-25,363046.0,1092434,142678
2120-6-25,363125.0,1092720,142713
2120-7-25,363204.0,1093006,142748
2120-8-25,363283.0,1093292,142782
2120-9-25,363362.0,1093578,142817
2120-10-25,363441.0,1093864,142852
